1,0,0,0,0,0,0,0,0,0,0,0,0,0,0,0,0,0,0,0,0,0,0,0,0,0,0,0,0,0,0,0,0,0,0,0,0,0,0,0,0,0,0,0,0,0,0,0,0,0,0,0,0,0,0,0,0,0,0,0,0,0,0,0,0,0,0,0,0,0,0,0,0,0,0,0,0,0,0,0,0,0,0,0,0,0,0,0,0,0,0,0,0,0,0,0,0,0,0,0,0,0,0,0,0,0,0,0,0,0,0,0,0,0,0,0,0,0,0,0,0,0,0,0,0,0,0,0,0,0,0,0,0,0,0,0,0,0,0,0,0,0,0,0,0,0,0,0,0,0,0,0,0,0,0,0,0,0,0,166,249,74,0,0,0,0,0,0,0,0,0,0,0,0,0,0,0,0,0,0,0,0,0,0,0,0,17,233,254,240,0,0,0,0,0,0,0,0,0,0,0,0,0,0,0,0,0,0,0,0,0,0,0,0,81,254,254,162,0,0,0,0,0,0,0,0,0,0,0,0,0,0,0,0,0,0,0,0,0,0,0,32,180,254,254,69,0,0,0,0,0,0,0,0,0,0,0,0,0,0,0,0,0,0,0,0,0,0,21,228,254,254,135,5,0,0,0,0,0,0,0,0,0,0,0,0,0,0,0,0,0,0,0,0,0,0,134,254,254,214,6,0,0,0,0,0,0,0,0,0,0,0,0,0,0,0,0,0,0,0,0,0,0,0,178,254,254,98,0,0,0,0,0,0,0,0,0,0,0,0,0,0,0,0,0,0,0,0,0,0,27,196,249,254,167,7,0,0,0,0,0,0,0,0,0,0,0,0,0,0,0,0,0,0,0,0,0,9,212,254,254,222,27,0,0,0,0,0,0,0,0,0,0,0,0,0,0,0,0,0,0,0,0,0,0,78,254,254,254,65,0,0,0,0,0,0,0,0,0,0,0,0,0,0,0,0,0,0,0,0,0,0,26,237,254,254,170,9,0,0,0,0,0,0,0,0,0,0,0,0,0,0,0,0,0,0,0,0,0,0,193,254,254,224,25,0,0,0,0,0,0,0,0,0,0,0,0,0,0,0,0,0,0,0,0,0,0,0,225,233,237,60,0,0,0,0,0,0,0,0,0,0,0,0,0,0,0,0,0,0,0,0,0,0,0,6,181,233,209,24,0,0,0,0,0,0,0,0,0,0,0,0,0,0,0,0,0,0,0,0,0,0,56,131,234,243,35,0,0,0,0,0,0,0,0,0,0,0,0,0,0,0,0,0,0,0,0,0,0,0,61,254,254,86,0,0,0,0,0,0,0,0,0,0,0,0,0,0,0,0,0,0,0,0,0,0,0,26,195,254,178,10,0,0,0,0,0,0,0,0,0,0,0,0,0,0,0,0,0,0,0,0,0,0,32,136,255,201,19,0,0,0,0,0,0,0,0,0,0,0,0,0,0,0,0,0,0,0,0,0,0,0,179,254,252,51,0,0,0,0,0,0,0,0,0,0,0,0,0,0,0,0,0,0,0,0,0,0,0,0,0,238,49,0,0,0,0,0,0,0,0,0,0,0,0,0,0,0,0,0,0,0,0,0,0,0,0,0,0,0,0,0,0,0,0,0,0,0,0,0,0,0,0,0,0,0,0,0,0,0,0,0,0,0,0,0,0,0,0,0,0,0,0,0,0,0,0,0,0,0,0,0,0,0,0,0,0,0,0,0,0,0,0,0,0,0,0,0,0,0,0,0,0,0,0,0,0,0,0,0,0,0,0,0,0
6,0,0,0,0,0,0,0,0,0,0,0,0,0,0,0,0,0,0,0,0,0,0,0,0,0,0,0,0,0,0,0,0,0,0,0,0,0,0,0,0,0,0,0,0,0,0,0,0,0,0,0,0,0,0,0,0,0,0,0,0,0,0,0,0,0,0,0,0,0,0,0,0,77,121,254,254,34,0,0,0,0,0,0,0,0,0,0,0,0,0,0,0,0,0,0,0,0,0,0,45,246,253,253,31,3,0,0,0,0,0,0,0,0,0,0,0,0,0,0,0,0,0,0,0,0,0,62,184,253,251,111,2,0,0,0,0,0,0,0,0,0,0,0,0,0,0,0,0,0,0,0,0,0,0,206,253,253,141,0,0,0,0,0,0,0,0,0,0,0,0,0,0,0,0,0,0,0,0,0,0,0,80,238,253,216,35,0,0,0,0,0,0,0,0,0,0,0,0,0,0,0,0,0,0,0,0,0,0,0,227,253,250,84,0,0,0,0,0,0,0,0,0,0,0,0,0,0,0,0,0,0,0,0,0,0,0,57,240,253,205,0,0,0,0,0,0,0,0,0,0,0,0,0,0,0,0,0,0,0,0,0,0,0,0,111,253,253,71,0,0,0,0,0,0,0,0,0,0,0,0,0,0,0,0,0,0,0,0,0,0,0,0,158,253,229,44,0,0,0,0,0,0,0,0,0,0,0,0,0,0,0,0,0,0,0,0,0,0,0,107,252,253,184,0,0,0,0,0,0,0,0,0,0,0,0,0,0,0,0,0,0,0,0,0,0,0,11,220,253,253,84,0,6,21,0,0,0,0,0,0,0,0,0,0,0,0,0,0,0,0,0,0,0,0,14,253,253,253,55,28,128,203,98,2,0,0,0,0,0,0,0,0,0,0,0,0,0,0,0,0,0,0,18,253,253,253,194,253,253,253,253,92,0,0,0,0,0,0,0,0,0,0,0,0,0,0,0,0,0,0,151,253,253,253,253,253,172,200,253,150,0,0,0,0,0,0,0,0,0,0,0,0,0,0,0,0,0,0,151,253,253,253,253,207,5,144,253,248,32,0,0,0,0,0,0,0,0,0,0,0,0,0,0,0,0,30,240,253,253,253,231,64,9,180,253,219,23,0,0,0,0,0,0,0,0,0,0,0,0,0,0,0,0,8,173,253,253,253,239,99,157,253,253,117,0,0,0,0,0,0,0,0,0,0,0,0,0,0,0,0,0,0,129,253,253,253,253,253,253,253,253,13,0,0,0,0,0,0,0,0,0,0,0,0,0,0,0,0,0,0,13,243,253,253,253,253,253,253,165,5,0,0,0,0,0,0,0,0,0,0,0,0,0,0,0,0,0,0,0,60,175,253,253,253,253,171,0,0,0,0,0,0,0,0,0,0,0,0,0,0,0,0,0,0,0,0,0,0,0,0,0,0,0,0,0,0,0,0,0,0,0,0,0,0,0,0,0,0,0,0,0,0,0,0,0,0,0,0,0,0,0,0,0,0,0,0,0,0,0,0,0,0,0,0,0,0,0,0,0,0,0,0,0,0,0,0,0,0,0,0,0,0,0,0,0,0,0,0,0,0,0,0,0,0,0,0,0,0,0,0,0,0,0,0,0,0,0,0,0,0,0,0,0,0,0,0,0,0,0,0,0,0,0,0,0,0,0,0,0,0,0,0,0,0,0,0,0,0,0,0,0,0,0,0,0,0,0,0,0,0,0,0,0,0,0,0,0,0,0,0,0,0,0,0,0,0,0,0,0,0,0,0,0,0
9,0,0,0,0,0,0,0,0,0,0,0,0,0,0,0,0,0,0,0,0,0,0,0,0,0,0,0,0,0,0,0,0,0,0,0,0,0,0,0,0,0,0,0,0,0,0,0,0,0,0,0,0,0,0,0,0,0,0,0,0,0,0,0,0,0,0,0,0,0,0,0,0,0,0,0,0,0,0,0,0,0,0,0,0,0,0,0,0,0,0,0,0,0,0,0,0,0,0,0,0,0,0,0,0,0,0,0,0,0,0,0,0,0,0,0,0,0,0,0,0,0,0,0,0,0,0,0,0,0,0,0,0,0,0,0,0,0,0,0,0,0,0,0,0,0,0,0,0,0,0,0,0,0,0,0,0,0,0,0,0,0,0,0,0,0,0,0,0,0,0,0,0,0,0,0,0,0,0,0,0,0,0,141,226,255,226,57,0,0,0,0,0,0,0,0,0,0,0,0,0,0,0,0,0,0,0,0,0,29,198,255,255,255,255,86,0,0,0,0,0,0,0,0,0,0,0,0,0,0,0,0,0,0,0,0,0,198,255,198,57,141,255,86,0,0,0,0,0,0,0,0,0,0,0,0,0,0,0,0,0,0,0,0,170,255,198,29,86,226,170,0,0,0,0,0,0,0,0,0,0,0,0,0,0,0,0,0,0,0,0,86,255,255,29,86,226,255,170,29,0,0,0,0,0,0,0,0,0,0,0,0,0,0,0,0,0,0,0,198,255,86,0,198,255,255,255,57,0,0,0,0,0,0,0,0,0,0,0,0,0,0,0,0,0,0,0,255,255,0,86,255,255,255,226,0,0,0,0,0,0,0,0,0,0,0,0,0,0,0,0,0,0,0,0,255,255,170,226,255,255,255,86,0,0,0,0,0,0,0,0,0,0,0,0,0,0,0,0,0,0,0,0,198,255,255,255,198,255,255,57,0,0,0,0,0,0,0,0,0,0,0,0,0,0,0,0,0,0,0,0,0,86,86,29,170,255,170,0,0,0,0,0,0,0,0,0,0,0,0,0,0,0,0,0,0,0,0,0,0,0,0,29,255,255,57,0,0,0,0,0,0,0,0,0,0,0,0,0,0,0,0,0,0,0,0,0,0,0,0,141,255,170,0,0,0,0,0,0,0,0,0,0,0,0,0,0,0,0,0,0,0,0,0,0,0,0,29,226,255,57,0,0,0,0,0,0,0,0,0,0,0,0,0,0,0,0,0,0,0,0,0,0,0,0,141,255,226,0,0,0,0,0,0,0,0,0,0,0,0,0,0,0,0,0,0,0,0,0,0,0,0,29,255,255,86,0,0,0,0,0,0,0,0,0,0,0,0,0,0,0,0,0,0,0,0,0,0,0,0,141,255,170,0,0,0,0,0,0,0,0,0,0,0,0,0,0,0,0,0,0,0,0,0,0,0,0,29,226,255,57,0,0,0,0,0,0,0,0,0,0,0,0,0,0,0,0,0,0,0,0,0,0,0,0,141,255,141,0,0,0,0,0,0,0,0,0,0,0,0,0,0,0,0,0,0,0,0,0,0,0,0,29,255,255,29,0,0,0,0,0,0,0,0,0,0,0,0,0,0,0,0,0,0,0,0,0,0,0,0,170,255,141,0,0,0,0,0,0,0,0,0,0,0,0,0,0,0,0,0,0,0,0,0,0,0,0,0,0,0,0,0,0,0,0,0,0,0,0,0,0,0,0,0,0,0,0,0,0,0,0,0,0,0,0,0,0,0,0,0,0,0,0,0,0,0,0,0,0,0,0,0,0,0,0
8,0,0,0,0,0,0,0,0,0,0,0,0,0,0,0,0,0,0,0,0,0,0,0,0,0,0,0,0,0,0,0,0,0,0,0,0,0,0,0,0,0,0,0,0,0,0,0,0,0,0,0,0,0,0,0,0,0,0,0,0,0,0,0,0,0,0,0,0,0,0,0,0,0,0,0,0,0,0,0,0,0,0,0,0,0,0,0,0,0,0,0,0,0,0,0,0,0,0,0,0,0,0,0,0,0,0,0,0,0,0,0,0,0,0,0,0,0,0,0,0,0,0,0,0,0,0,0,0,0,0,0,0,0,0,0,0,0,0,0,0,0,0,0,0,0,0,0,0,0,0,0,113,233,254,253,254,213,152,152,41,0,0,0,0,0,0,0,0,0,0,0,0,0,0,0,0,0,0,82,253,252,253,252,253,252,253,252,243,162,0,0,0,0,0,0,0,0,0,0,0,0,0,0,0,0,0,203,254,253,203,102,214,253,254,253,254,253,62,0,0,0,0,0,0,0,0,0,0,0,0,0,0,0,0,203,253,212,20,0,10,50,50,212,253,252,102,0,0,0,0,0,0,0,0,0,0,0,0,0,0,0,52,253,254,151,0,0,0,0,51,233,254,253,82,0,0,0,0,0,0,0,0,0,0,0,0,0,0,0,51,252,253,151,0,0,0,0,152,252,253,252,0,0,0,0,0,0,0,0,0,0,0,0,0,0,0,0,41,243,254,151,0,0,0,0,173,253,254,131,0,0,0,0,0,0,0,0,0,0,0,0,0,0,0,0,0,203,253,232,123,0,62,183,253,252,213,10,0,0,0,0,0,0,0,0,0,0,0,0,0,0,0,0,0,82,234,253,254,172,254,253,254,233,82,0,0,0,0,0,0,0,0,0,0,0,0,0,0,0,0,0,0,0,112,252,253,252,253,252,192,50,0,0,0,0,0,0,0,0,0,0,0,0,0,0,0,0,0,0,0,82,214,253,254,253,254,253,163,0,0,0,0,0,0,0,0,0,0,0,0,0,0,0,0,0,0,0,21,223,253,252,233,151,253,252,203,0,0,0,0,0,0,0,0,0,0,0,0,0,0,0,0,0,0,21,254,253,224,61,0,0,173,253,254,151,0,0,0,0,0,0,0,0,0,0,0,0,0,0,0,0,0,183,253,252,122,0,0,0,51,252,253,232,0,0,0,0,0,0,0,0,0,0,0,0,0,0,0,0,0,203,254,233,41,0,0,0,72,253,254,233,0,0,0,0,0,0,0,0,0,0,0,0,0,0,0,0,0,203,253,151,0,0,0,0,233,252,253,151,0,0,0,0,0,0,0,0,0,0,0,0,0,0,0,0,0,142,255,71,0,0,11,132,254,253,203,20,0,0,0,0,0,0,0,0,0,0,0,0,0,0,0,0,0,20,213,232,142,183,213,252,253,252,61,0,0,0,0,0,0,0,0,0,0,0,0,0,0,0,0,0,0,0,82,243,254,253,254,253,254,91,0,0,0,0,0,0,0,0,0,0,0,0,0,0,0,0,0,0,0,0,0,40,151,192,253,252,131,10,0,0,0,0,0,0,0,0,0,0,0,0,0,0,0,0,0,0,0,0,0,0,0,0,0,0,0,0,0,0,0,0,0,0,0,0,0,0,0,0,0,0,0,0,0,0,0,0,0,0,0,0,0,0,0,0,0,0,0,0,0,0,0,0,0,0,0,0,0,0,0,0,0,0,0,0,0,0,0,0,0,0,0,0,0,0,0,0,0,0,0,0,0,0,0
5,0,0,0,0,0,0,0,0,0,0,0,0,0,0,0,0,0,0,0,0,0,0,0,0,0,0,0,0,0,0,0,0,0,0,0,0,0,0,0,0,0,0,0,0,0,0,0,0,0,0,0,0,0,0,0,0,0,0,0,0,0,0,0,0,0,0,0,0,0,0,0,0,0,0,0,0,0,0,0,0,0,0,0,0,0,0,0,0,0,0,0,0,0,0,0,0,0,0,0,0,0,0,0,0,0,0,0,0,0,0,0,0,0,0,0,0,0,0,0,0,0,0,0,0,0,0,0,0,0,0,0,0,0,0,0,0,0,0,0,0,0,0,0,0,0,0,0,0,0,0,0,0,0,0,0,16,79,7,0,29,29,117,141,141,141,141,91,0,0,0,0,0,0,0,0,0,0,0,0,0,0,19,107,216,252,187,169,253,252,252,252,253,214,196,196,0,0,0,0,0,0,0,0,0,0,0,0,60,197,215,252,253,252,252,252,253,233,168,68,56,19,0,0,0,0,0,0,0,0,0,0,0,0,0,0,241,252,252,252,190,139,139,139,78,22,0,0,0,0,0,0,0,0,0,0,0,0,0,0,0,0,0,26,255,253,244,75,0,0,0,0,0,0,0,0,0,0,0,0,0,0,0,0,0,0,0,0,0,0,19,231,253,214,56,0,0,0,0,0,0,0,0,0,0,0,0,0,0,0,0,0,0,0,0,0,0,19,191,252,206,81,0,0,0,0,0,0,0,0,0,0,0,0,0,0,0,0,0,0,0,0,0,0,0,57,252,252,63,0,0,0,0,0,0,0,0,0,0,0,0,0,0,0,0,0,0,0,0,0,0,0,0,57,253,253,79,10,0,0,0,0,0,0,0,0,0,0,0,0,0,0,0,0,0,0,0,0,0,0,0,19,190,252,253,196,131,57,0,0,0,0,0,0,0,0,0,0,0,0,0,0,0,0,0,0,0,0,0,0,19,193,253,252,252,252,185,85,19,0,0,0,0,0,0,0,0,0,0,0,0,0,0,0,0,0,0,0,0,13,91,165,252,252,253,252,193,13,0,0,0,0,0,0,0,0,0,0,0,0,0,0,0,0,0,0,0,0,0,0,0,0,176,244,253,103,0,0,0,0,0,0,0,0,0,0,0,0,0,0,0,0,0,0,0,0,0,0,0,0,0,169,252,252,0,0,0,0,0,0,0,0,0,0,0,0,0,0,0,0,0,0,0,0,0,0,0,0,60,234,252,164,0,0,0,0,0,0,0,0,0,0,0,0,0,0,0,0,226,75,0,0,0,0,38,213,241,252,252,40,0,0,0,0,0,0,0,0,0,0,0,0,0,0,0,0,254,228,141,141,141,166,253,253,254,247,137,13,0,0,0,0,0,0,0,0,0,0,0,0,0,0,0,0,153,252,252,252,253,252,252,227,134,65,0,0,0,0,0,0,0,0,0,0,0,0,0,0,0,0,0,0,7,130,168,205,168,168,80,31,0,0,0,0,0,0,0,0,0,0,0,0,0,0,0,0,0,0,0,0,0,0,0,13,0,0,0,0,0,0,0,0,0,0,0,0,0,0,0,0,0,0,0,0,0,0,0,0,0,0,0,0,0,0,0,0,0,0,0,0,0,0,0,0,0,0,0,0,0,0,0,0,0,0,0,0,0,0,0,0,0,0,0,0,0,0,0,0,0,0,0,0,0,0,0,0,0,0,0,0,0,0,0,0,0,0,0,0,0,0,0,0,0,0,0,0,0,0,0,0,0,0,0,0,0
4,0,0,0,0,0,0,0,0,0,0,0,0,0,0,0,0,0,0,0,0,0,0,0,0,0,0,0,0,0,0,0,0,0,0,0,0,0,0,0,0,0,0,0,0,0,0,0,0,0,0,0,0,0,0,0,0,0,0,0,0,0,0,0,0,0,0,0,0,0,0,0,0,0,0,0,0,0,0,0,0,0,0,0,0,0,0,0,0,0,0,0,0,0,0,0,0,0,0,0,0,0,0,0,0,0,0,0,0,0,0,0,0,0,0,0,0,0,0,0,0,0,0,0,0,0,0,0,0,0,0,0,0,0,0,0,0,0,0,0,0,0,0,0,0,0,0,0,0,0,0,0,0,0,0,0,0,0,8,238,156,9,60,71,0,0,0,0,0,0,0,0,0,0,0,0,0,0,0,0,0,0,0,0,0,0,72,254,236,58,254,190,0,0,0,0,0,0,0,0,0,0,0,0,0,0,0,0,0,0,0,0,0,0,11,254,236,48,180,82,0,0,0,0,0,0,0,0,0,0,0,0,0,0,0,0,0,0,0,0,0,0,15,254,248,54,0,0,0,0,0,0,0,0,0,0,0,0,0,0,0,0,48,55,0,0,0,0,0,0,119,254,241,12,0,0,0,0,0,0,0,0,0,0,0,0,0,0,0,0,172,242,39,0,0,0,0,22,232,254,137,0,0,0,0,0,0,0,0,0,0,0,0,0,0,0,0,0,198,254,122,0,0,0,0,152,254,194,10,0,0,0,0,0,0,0,0,0,0,0,0,0,0,0,0,18,236,195,11,0,0,0,53,252,250,37,0,0,0,0,0,0,0,0,0,0,0,0,0,0,0,0,0,87,240,238,41,66,69,99,194,254,250,53,0,0,0,0,0,0,0,0,0,0,0,0,0,0,0,0,31,239,254,254,253,254,254,255,255,254,243,74,0,0,0,0,0,0,0,0,0,0,0,0,0,0,0,0,77,247,180,220,102,59,55,168,171,234,160,202,12,0,0,2,0,0,0,0,0,0,0,0,0,0,0,0,0,4,16,0,0,0,37,174,216,247,66,17,0,0,0,32,0,0,0,0,0,0,0,0,0,0,0,0,0,0,0,0,0,114,250,255,226,63,0,0,0,0,62,8,0,0,0,0,0,0,0,0,0,0,0,0,0,0,0,0,44,232,254,223,36,0,0,0,0,0,0,21,0,0,0,0,0,0,0,0,0,0,0,0,0,0,0,40,230,255,225,14,0,0,0,0,0,0,83,150,0,0,0,0,0,0,0,0,0,0,0,0,0,0,13,170,254,179,24,0,0,0,0,0,0,0,0,51,0,0,0,0,0,0,0,0,0,0,0,0,0,0,109,254,159,28,0,0,0,0,0,0,0,0,0,0,0,0,0,0,0,0,0,0,0,0,0,0,0,0,159,254,89,0,0,0,0,0,0,0,0,0,0,0,0,0,0,0,0,0,0,0,0,0,0,0,0,123,251,201,38,0,0,0,0,0,0,0,0,0,0,0,0,0,0,0,0,0,0,0,0,0,0,0,101,186,87,19,0,0,0,0,0,0,0,0,0,0,0,0,0,0,0,0,0,0,0,0,0,0,0,0,0,0,0,0,0,0,0,0,0,0,0,0,0,0,0,0,0,0,0,0,0,0,0,0,0,0,0,0,0,0,0,0,0,0,0,0,0,0,0,0,0,0,0,0,0,0,0,0,0,0,0,0,0,0,0,0,0,0,0,0,0,0,0,0,0,0,0,0,0,0,0,0,0,0,0,0,0
1,0,0,0,0,0,0,0,0,0,0,0,0,0,0,0,0,0,0,0,0,0,0,0,0,0,0,0,0,0,0,0,0,0,0,0,0,0,0,0,0,0,0,0,0,0,0,0,0,0,0,0,0,0,0,0,0,0,0,0,0,0,0,0,0,0,0,0,0,0,0,0,0,0,0,0,0,0,0,0,0,0,0,0,0,0,0,0,0,0,0,0,0,0,0,0,0,0,0,0,0,0,0,0,0,0,0,0,0,0,0,0,0,0,0,0,0,0,0,0,0,0,0,0,0,0,0,0,0,0,0,0,0,0,0,0,0,0,0,0,0,0,0,0,0,0,0,0,0,0,0,0,0,0,0,53,231,0,0,0,0,0,0,0,0,0,0,0,0,0,0,0,0,0,0,0,0,0,0,0,0,0,0,150,254,79,0,0,0,0,0,0,0,0,0,0,0,0,0,0,0,0,0,0,0,0,0,0,0,0,0,150,253,58,0,0,0,0,0,0,0,0,0,0,0,0,0,0,0,0,0,0,0,0,0,0,0,0,0,150,254,95,0,0,0,0,0,0,0,0,0,0,0,0,0,0,0,0,0,0,0,0,0,0,0,0,0,190,251,30,0,0,0,0,0,0,0,0,0,0,0,0,0,0,0,0,0,0,0,0,0,0,0,0,0,241,249,0,0,0,0,0,0,0,0,0,0,0,0,0,0,0,0,0,0,0,0,0,0,0,0,0,0,250,251,38,0,0,0,0,0,0,0,0,0,0,0,0,0,0,0,0,0,0,0,0,0,0,0,0,0,156,249,0,0,0,0,0,0,0,0,0,0,0,0,0,0,0,0,0,0,0,0,0,0,0,0,0,0,150,249,0,0,0,0,0,0,0,0,0,0,0,0,0,0,0,0,0,0,0,0,0,0,0,0,0,0,150,249,0,0,0,0,0,0,0,0,0,0,0,0,0,0,0,0,0,0,0,0,0,0,0,0,0,0,231,249,0,0,0,0,0,0,0,0,0,0,0,0,0,0,0,0,0,0,0,0,0,0,0,0,0,23,251,249,0,0,0,0,0,0,0,0,0,0,0,0,0,0,0,0,0,0,0,0,0,0,0,0,0,96,254,244,0,0,0,0,0,0,0,0,0,0,0,0,0,0,0,0,0,0,0,0,0,0,0,0,0,96,254,149,0,0,0,0,0,0,0,0,0,0,0,0,0,0,0,0,0,0,0,0,0,0,0,0,0,96,255,139,0,0,0,0,0,0,0,0,0,0,0,0,0,0,0,0,0,0,0,0,0,0,0,0,0,96,254,50,0,0,0,0,0,0,0,0,0,0,0,0,0,0,0,0,0,0,0,0,0,0,0,0,0,96,228,24,0,0,0,0,0,0,0,0,0,0,0,0,0,0,0,0,0,0,0,0,0,0,0,0,0,170,204,0,0,0,0,0,0,0,0,0,0,0,0,0,0,0,0,0,0,0,0,0,0,0,0,0,0,177,147,0,0,0,0,0,0,0,0,0,0,0,0,0,0,0,0,0,0,0,0,0,0,0,0,0,0,134,65,0,0,0,0,0,0,0,0,0,0,0,0,0,0,0,0,0,0,0,0,0,0,0,0,0,0,0,0,0,0,0,0,0,0,0,0,0,0,0,0,0,0,0,0,0,0,0,0,0,0,0,0,0,0,0,0,0,0,0,0,0,0,0,0,0,0,0,0,0,0,0,0,0,0,0,0,0,0,0,0,0,0,0,0,0,0,0,0,0,0,0,0,0,0,0,0,0
3,0,0,0,0,0,0,0,0,0,0,0,0,0,0,0,0,0,0,0,0,0,0,0,0,0,0,0,0,0,0,0,0,0,0,0,0,0,0,0,0,0,0,0,0,0,0,0,0,0,0,0,0,0,0,0,0,0,0,0,0,0,0,0,0,0,0,0,0,0,0,0,0,0,0,0,0,0,0,0,0,0,0,0,0,0,0,0,0,0,0,0,0,0,0,0,0,0,0,0,0,0,0,0,0,0,0,0,0,0,0,0,0,0,0,0,0,0,0,0,0,0,0,0,0,0,0,0,0,0,0,0,0,0,0,0,0,0,0,0,0,0,0,0,0,0,0,0,0,0,0,64,255,255,255,255,191,191,191,128,128,0,0,0,0,0,0,0,0,0,0,0,0,0,0,0,0,0,0,128,255,255,255,255,255,255,255,255,255,191,0,0,0,0,0,0,0,0,0,0,0,0,0,0,0,0,0,0,128,128,128,64,128,128,191,255,255,255,64,0,0,0,0,0,0,0,0,0,0,0,0,0,0,0,0,0,0,0,0,0,0,0,64,255,255,191,0,0,0,0,0,0,0,0,0,0,0,0,0,0,0,0,0,0,0,0,0,0,0,191,255,255,255,64,0,0,0,0,0,0,0,0,0,0,0,0,0,0,0,0,0,0,0,0,0,64,255,255,255,255,128,0,0,0,0,0,0,0,0,0,0,0,0,0,0,0,0,0,0,0,64,128,255,255,255,255,191,64,0,0,0,0,0,0,0,0,0,0,0,0,0,0,0,0,0,64,191,255,255,255,255,255,255,255,191,64,0,0,0,0,0,0,0,0,0,0,0,0,0,0,0,0,0,128,255,255,255,255,255,255,255,255,255,255,0,0,0,0,0,0,0,0,0,0,0,0,0,0,0,0,0,0,191,128,128,64,0,0,0,128,255,255,191,0,0,0,0,0,0,0,0,0,0,0,0,0,0,0,0,0,0,0,0,0,0,0,0,0,128,255,255,0,0,0,0,0,0,0,0,0,0,0,0,0,0,0,0,0,0,0,0,0,0,0,0,0,128,255,255,128,0,0,0,0,0,0,0,0,0,0,0,0,0,0,0,0,0,0,0,0,0,0,0,0,128,255,255,128,0,0,0,0,0,0,0,0,0,0,0,0,0,0,0,0,0,0,0,0,0,0,0,0,191,255,255,64,0,0,0,0,0,0,0,0,0,0,0,0,0,0,0,0,0,0,0,0,0,0,0,191,255,255,64,0,0,0,0,0,0,0,0,0,0,0,0,0,0,0,0,0,0,0,0,0,0,64,255,255,255,191,0,0,0,0,0,0,0,0,0,0,0,0,0,0,0,0,191,191,64,0,128,128,255,255,255,255,128,0,0,0,0,0,0,0,0,0,0,0,0,0,0,0,0,64,255,255,255,255,255,255,255,255,128,0,0,0,0,0,0,0,0,0,0,0,0,0,0,0,0,0,0,128,255,255,255,255,255,191,128,0,0,0,0,0,0,0,0,0,0,0,0,0,0,0,0,0,0,0,0,64,191,255,191,128,64,0,0,0,0,0,0,0,0,0,0,0,0,0,0,0,0,0,0,0,0,0,0,0,0,0,0,0,0,0,0,0,0,0,0,0,0,0,0,0,0,0,0,0,0,0,0,0,0,0,0,0,0,0,0,0,0,0,0,0,0,0,0,0,0,0,0,0,0,0,0,0,0,0,0,0,0,0,0,0,0,0,0,0,0,0,0,0,0,0,0,0,0,0,0,0,0,0,0,0,0
4,0,0,0,0,0,0,0,0,0,0,0,0,0,0,0,0,0,0,0,0,0,0,0,0,0,0,0,0,0,0,0,0,0,0,0,0,0,0,0,0,0,0,0,0,0,0,0,0,0,0,0,0,0,0,0,0,0,0,0,0,0,0,0,0,0,0,0,0,0,0,0,0,0,0,0,0,0,0,0,0,0,0,0,0,0,0,0,0,0,0,0,0,0,0,0,0,0,0,0,0,0,0,0,0,0,0,0,0,0,0,0,0,0,0,0,0,0,0,0,0,0,0,0,0,0,0,0,0,0,0,47,176,127,0,0,0,0,0,0,0,0,0,0,0,0,0,0,0,0,0,0,0,0,0,0,0,0,72,247,241,67,0,0,0,0,0,0,0,0,0,0,0,0,0,0,0,0,0,0,0,0,0,0,0,23,217,254,153,0,0,0,0,0,0,0,0,0,0,0,0,14,0,0,0,0,4,116,4,0,0,0,0,147,253,254,108,0,0,0,0,0,0,0,0,0,0,0,0,84,0,0,0,0,152,253,87,0,0,0,0,199,253,254,43,0,0,0,0,0,0,0,0,0,0,0,0,0,0,0,0,47,247,254,144,0,0,0,24,234,254,234,13,0,0,0,0,0,0,0,0,0,0,0,0,0,0,0,0,125,253,253,93,0,0,0,89,253,253,129,0,0,0,0,0,0,0,0,0,0,0,0,0,0,0,0,46,241,253,221,8,0,0,0,140,253,253,91,0,0,0,0,0,0,0,0,0,0,0,0,0,0,0,0,129,254,253,177,0,0,0,0,217,253,253,85,0,0,0,0,0,0,0,0,0,0,0,0,0,0,0,7,207,254,253,62,0,0,0,20,230,253,253,0,0,0,0,0,0,0,0,0,0,0,0,0,0,0,0,19,254,255,215,11,0,0,0,81,254,254,169,0,0,0,0,0,0,0,0,0,0,0,0,0,0,0,0,8,212,254,253,192,74,55,55,200,253,253,72,16,55,113,153,0,0,0,0,0,0,0,0,0,0,0,0,0,91,241,253,253,253,253,254,253,253,253,227,228,253,253,156,0,0,0,0,0,0,0,0,0,0,0,0,0,0,61,163,244,253,253,254,253,253,253,253,235,235,156,50,0,0,0,0,0,0,0,0,0,0,0,0,0,0,0,0,36,72,72,221,253,253,207,72,0,0,0,0,0,0,0,0,0,0,0,0,0,0,0,0,0,0,0,0,0,0,0,255,254,254,54,0,0,0,0,0,0,0,0,0,0,0,0,0,0,0,0,0,0,0,0,0,0,0,0,254,253,253,54,0,0,0,0,0,0,0,0,0,0,0,0,0,0,0,0,0,0,0,0,0,0,0,0,254,253,221,8,0,0,0,0,0,0,0,0,0,0,0,0,0,0,0,0,0,0,0,0,0,0,0,0,254,253,210,0,0,0,0,0,0,0,0,0,0,0,0,0,0,0,0,0,0,0,0,0,0,0,0,0,221,253,62,0,0,0,0,0,0,0,0,0,0,0,0,0,0,0,0,0,0,0,0,0,0,0,0,0,0,0,0,0,0,0,0,0,0,0,0,0,0,0,0,0,0,0,0,0,0,0,0,0,0,0,0,0,0,0,0,0,0,0,0,0,0,0,0,0,0,0,0,0,0,0,0,0,0,0,0,0,0,0,0,0,0,0,0,0,0,0,0,0,0,0,0,0,0,0,0,0,0,0,0,0,0,0,0,0,0,0,0,0,0,0,0,0,0,0,0,0,0,0,0,0,0,0,0
1,0,0,0,0,0,0,0,0,0,0,0,0,0,0,0,0,0,0,0,0,0,0,0,0,0,0,0,0,0,0,0,0,0,0,0,0,0,0,0,0,0,0,0,0,0,0,0,0,0,0,0,0,0,0,0,0,0,0,0,0,0,0,0,0,0,0,0,0,0,0,0,0,0,0,0,0,0,0,0,0,0,0,0,0,0,0,0,0,0,0,0,0,0,0,0,0,0,0,0,0,0,0,0,0,0,0,0,0,0,0,0,0,0,0,0,0,0,0,0,0,0,0,0,0,0,0,0,0,0,0,0,0,0,0,0,0,0,0,0,0,0,0,0,0,0,0,0,0,0,0,0,0,0,0,120,253,153,0,0,0,0,0,0,0,0,0,0,0,0,0,0,0,0,0,0,0,0,0,0,0,0,0,169,252,252,0,0,0,0,0,0,0,0,0,0,0,0,0,0,0,0,0,0,0,0,0,0,0,0,23,234,252,252,0,0,0,0,0,0,0,0,0,0,0,0,0,0,0,0,0,0,0,0,0,0,0,0,29,252,252,252,0,0,0,0,0,0,0,0,0,0,0,0,0,0,0,0,0,0,0,0,0,0,0,0,29,253,253,253,0,0,0,0,0,0,0,0,0,0,0,0,0,0,0,0,0,0,0,0,0,0,0,0,104,252,252,252,0,0,0,0,0,0,0,0,0,0,0,0,0,0,0,0,0,0,0,0,0,0,0,0,91,252,252,252,0,0,0,0,0,0,0,0,0,0,0,0,0,0,0,0,0,0,0,0,0,0,0,0,141,252,252,252,0,0,0,0,0,0,0,0,0,0,0,0,0,0,0,0,0,0,0,0,0,0,0,0,141,253,253,241,0,0,0,0,0,0,0,0,0,0,0,0,0,0,0,0,0,0,0,0,0,0,0,0,141,252,233,109,0,0,0,0,0,0,0,0,0,0,0,0,0,0,0,0,0,0,0,0,0,0,0,0,178,252,234,22,0,0,0,0,0,0,0,0,0,0,0,0,0,0,0,0,0,0,0,0,0,0,0,0,253,252,252,28,0,0,0,0,0,0,0,0,0,0,0,0,0,0,0,0,0,0,0,0,0,0,0,0,255,253,206,13,0,0,0,0,0,0,0,0,0,0,0,0,0,0,0,0,0,0,0,0,0,0,0,0,253,252,168,0,0,0,0,0,0,0,0,0,0,0,0,0,0,0,0,0,0,0,0,0,0,0,0,0,253,252,168,0,0,0,0,0,0,0,0,0,0,0,0,0,0,0,0,0,0,0,0,0,0,0,0,0,253,252,168,0,0,0,0,0,0,0,0,0,0,0,0,0,0,0,0,0,0,0,0,0,0,0,0,51,255,253,156,0,0,0,0,0,0,0,0,0,0,0,0,0,0,0,0,0,0,0,0,0,0,0,0,0,253,252,56,0,0,0,0,0,0,0,0,0,0,0,0,0,0,0,0,0,0,0,0,0,0,0,0,0,216,252,143,0,0,0,0,0,0,0,0,0,0,0,0,0,0,0,0,0,0,0,0,0,0,0,0,0,91,252,118,0,0,0,0,0,0,0,0,0,0,0,0,0,0,0,0,0,0,0,0,0,0,0,0,0,0,0,0,0,0,0,0,0,0,0,0,0,0,0,0,0,0,0,0,0,0,0,0,0,0,0,0,0,0,0,0,0,0,0,0,0,0,0,0,0,0,0,0,0,0,0,0,0,0,0,0,0,0,0,0,0,0,0,0,0,0,0,0,0,0,0,0,0,0,0,0
5,0,0,0,0,0,0,0,0,0,0,0,0,0,0,0,0,0,0,0,0,0,0,0,0,0,0,0,0,0,0,0,0,0,0,0,0,0,0,0,0,0,0,0,0,0,0,0,0,0,0,0,0,0,0,0,0,0,0,0,0,0,0,0,0,0,0,0,0,0,0,0,0,0,0,0,0,0,0,0,0,0,0,0,0,0,0,0,0,0,0,0,0,0,0,0,0,0,0,0,0,0,0,0,0,0,0,0,0,0,0,0,0,0,0,0,0,0,0,0,0,0,0,0,0,0,0,0,0,0,0,0,0,0,0,0,0,0,0,0,0,0,0,0,0,0,0,0,0,0,0,0,0,0,0,1,47,47,107,150,150,225,255,254,254,165,47,0,0,0,0,0,0,0,0,0,0,0,31,94,94,142,197,198,253,253,253,253,253,253,253,253,253,253,215,0,0,0,0,0,0,0,0,0,39,239,247,253,253,253,253,253,253,253,253,253,253,253,253,244,217,151,25,0,0,0,0,0,0,0,0,0,145,251,253,253,253,253,253,253,253,253,253,253,209,138,67,49,0,0,0,0,0,0,0,0,0,0,0,5,203,253,253,240,227,227,227,225,124,124,65,20,10,0,0,0,0,0,0,0,0,0,0,0,0,0,0,47,253,253,253,82,0,0,0,0,0,0,0,0,0,0,0,0,0,0,0,0,0,0,0,0,0,0,0,96,253,253,253,90,5,0,0,0,0,0,0,0,0,0,0,0,0,0,0,0,0,0,0,0,0,0,0,109,253,253,253,253,193,160,63,36,0,0,0,0,0,0,0,0,0,0,0,0,0,0,0,0,0,0,0,191,253,253,253,253,253,253,253,234,88,4,0,0,0,0,0,0,0,0,0,0,0,0,0,0,0,0,0,47,253,253,253,253,217,247,253,253,253,215,67,0,0,0,0,0,0,0,0,0,0,0,0,0,0,0,0,10,132,155,155,60,16,45,120,197,253,253,164,99,6,0,0,0,0,0,0,0,0,0,0,0,0,0,0,0,0,0,0,0,0,0,0,2,140,253,253,253,75,0,0,0,0,0,0,0,0,0,0,0,0,0,0,0,0,0,0,0,0,0,0,0,13,102,252,253,221,55,0,0,0,0,0,0,0,0,0,0,0,0,0,0,0,0,0,0,0,0,0,0,0,0,181,253,253,85,0,0,0,0,0,0,0,0,0,0,0,0,0,66,182,39,0,0,0,0,0,0,0,0,74,253,253,231,18,0,0,0,0,0,0,0,0,0,0,0,0,100,253,225,91,11,0,0,0,0,5,62,198,253,253,253,77,0,0,0,0,0,0,0,0,0,0,0,0,35,238,253,253,211,100,68,94,171,188,253,253,253,253,253,59,0,0,0,0,0,0,0,0,0,0,0,0,0,28,241,253,253,253,253,253,253,253,253,253,253,252,243,24,0,0,0,0,0,0,0,0,0,0,0,0,0,0,67,196,249,253,253,253,253,253,253,244,196,88,0,0,0,0,0,0,0,0,0,0,0,0,0,0,0,0,0,0,53,149,149,192,194,189,149,83,0,0,0,0,0,0,0,0,0,0,0,0,0,0,0,0,0,0,0,0,0,0,0,0,0,0,0,0,0,0,0,0,0,0,0,0,0,0,0,0,0,0,0,0,0,0,0,0,0,0,0,0,0,0,0,0,0,0,0,0,0,0,0,0,0,0,0,0,0,0,0,0,0,0,0,0,0,0,0,0,0,0,0,0,0,0,0,0,0,0,0,0,0,0
7,0,0,0,0,0,0,0,0,0,0,0,0,0,0,0,0,0,0,0,0,0,0,0,0,0,0,0,0,0,0,0,0,0,0,0,0,0,0,0,0,0,0,0,0,0,0,0,0,0,0,0,0,0,0,0,0,0,0,0,0,0,0,0,0,0,0,0,0,0,0,0,0,0,0,0,0,0,0,0,0,0,0,0,0,0,0,0,0,0,0,0,0,0,0,0,0,0,0,0,0,0,0,0,0,0,0,0,0,0,0,0,0,0,0,0,0,0,0,0,0,0,0,0,0,0,0,0,0,0,0,0,0,0,0,0,0,0,0,0,0,0,0,0,0,0,0,0,0,0,0,0,0,0,0,0,0,0,0,0,0,0,0,0,0,0,0,0,0,0,0,0,0,0,0,0,0,0,0,0,0,0,5,54,136,136,252,255,254,254,216,19,0,0,0,0,0,0,0,0,0,0,0,0,0,17,0,18,47,154,177,253,253,253,252,218,224,253,253,35,0,0,0,0,0,0,0,0,0,0,0,0,49,210,42,207,253,253,216,200,156,82,79,0,48,253,253,35,0,0,0,0,0,0,0,0,0,0,0,0,52,86,35,65,65,65,20,0,0,0,0,0,136,253,253,35,0,0,0,0,0,0,0,0,0,0,0,0,0,0,0,0,0,0,0,0,0,0,0,11,196,253,185,7,0,0,0,0,0,0,0,0,0,0,0,0,0,0,0,0,0,0,0,0,0,0,5,179,253,253,121,0,0,0,0,0,0,0,0,0,0,0,0,0,0,0,0,0,0,0,0,0,0,3,73,253,253,188,3,0,0,0,0,0,0,0,0,0,0,0,0,0,0,0,0,0,0,0,0,0,0,124,253,253,216,31,0,0,0,0,0,0,0,0,0,0,0,0,0,0,0,0,0,0,0,0,0,0,16,234,251,143,33,0,0,0,0,0,0,0,0,0,0,0,0,0,0,0,0,0,0,0,0,0,0,19,187,253,214,0,0,0,0,0,0,0,0,0,0,0,0,0,0,0,0,0,0,0,0,0,0,0,19,186,253,219,31,0,0,0,0,0,0,0,0,0,0,0,0,0,0,0,0,0,0,0,0,0,0,16,187,253,253,97,0,0,0,0,0,0,0,0,0,0,0,0,0,0,0,0,0,0,0,0,0,0,0,149,253,253,60,3,0,0,0,0,0,0,0,0,0,0,0,0,0,0,0,0,0,0,0,0,0,9,141,252,251,115,1,0,0,0,0,0,0,0,0,0,0,0,0,0,0,0,0,0,0,0,0,0,63,200,253,248,117,0,0,0,0,0,0,0,0,0,0,0,0,0,0,0,0,0,0,0,0,0,0,17,189,253,249,118,0,0,0,0,0,0,0,0,0,0,0,0,0,0,0,0,0,0,0,0,0,0,49,186,253,252,170,0,0,0,0,0,0,0,0,0,0,0,0,0,0,0,0,0,0,0,0,0,0,82,240,253,253,115,0,0,0,0,0,0,0,0,0,0,0,0,0,0,0,0,0,0,0,0,0,0,31,242,253,253,115,2,0,0,0,0,0,0,0,0,0,0,0,0,0,0,0,0,0,0,0,0,0,0,19,215,220,39,2,0,0,0,0,0,0,0,0,0,0,0,0,0,0,0,0,0,0,0,0,0,0,0,0,0,0,0,0,0,0,0,0,0,0,0,0,0,0,0,0,0,0,0,0,0,0,0,0,0,0,0,0,0,0,0,0,0,0,0,0,0,0,0,0,0,0,0,0,0,0,0,0,0,0
4,0,0,0,0,0,0,0,0,0,0,0,0,0,0,0,0,0,0,0,0,0,0,0,0,0,0,0,0,0,0,0,0,0,0,0,0,0,0,0,0,0,0,0,0,0,0,0,0,0,0,0,0,0,0,0,0,0,0,0,0,0,0,0,0,0,0,0,0,0,0,0,0,0,0,0,0,0,0,0,0,0,0,0,0,0,0,0,0,0,0,0,0,0,0,0,0,0,0,0,0,0,0,0,0,0,0,0,0,0,0,0,0,0,0,0,0,0,0,0,0,0,0,0,0,0,0,0,0,0,0,0,0,0,0,0,0,0,0,0,0,0,0,0,0,0,0,0,108,156,23,0,0,0,0,0,0,0,108,156,0,0,0,0,0,0,0,0,0,0,0,0,0,0,10,88,235,253,98,0,0,0,0,0,0,0,234,253,46,0,0,0,0,0,0,0,0,0,0,0,0,0,82,78,209,253,68,0,0,0,0,0,0,0,204,253,128,0,0,0,0,0,0,0,0,0,0,0,0,0,0,0,122,200,0,0,0,0,0,0,0,0,84,253,120,0,0,0,0,0,0,0,0,0,0,0,0,0,0,0,77,118,0,0,0,0,0,0,0,0,40,253,120,0,0,0,0,0,0,0,0,0,0,0,0,0,0,0,114,23,0,0,0,0,0,0,0,0,0,158,61,0,0,0,0,0,0,0,0,0,0,0,0,0,0,0,60,0,0,0,0,0,0,0,0,0,4,162,98,2,58,73,72,0,0,0,0,0,0,0,0,0,0,93,36,0,0,0,0,0,0,0,0,55,106,253,145,129,253,253,185,0,0,0,0,0,0,0,0,0,0,13,2,0,0,0,0,0,0,25,70,217,253,253,254,162,181,229,176,0,0,0,0,0,0,0,0,0,38,0,0,0,0,8,98,98,173,231,230,253,253,253,254,207,108,23,0,0,0,0,0,0,0,0,0,217,246,156,66,171,255,216,254,254,254,255,254,254,254,254,61,15,0,0,0,0,0,0,0,0,0,0,0,254,253,253,253,253,254,253,253,242,233,136,128,105,253,207,0,0,0,0,0,0,0,0,0,0,0,0,0,254,253,253,253,222,175,137,144,36,0,0,0,146,253,126,0,0,0,0,0,0,0,0,0,0,0,0,0,19,95,19,19,12,0,0,0,0,0,0,56,187,216,5,0,0,0,0,0,0,0,0,0,0,0,0,0,0,0,0,0,0,0,0,0,0,0,0,118,253,213,0,0,0,0,0,0,0,0,0,0,0,0,0,0,0,0,0,0,0,0,0,0,0,0,0,118,254,214,0,0,0,0,0,0,0,0,0,0,0,0,0,0,0,0,0,0,0,0,0,0,0,0,0,200,247,85,0,0,0,0,0,0,0,0,0,0,0,0,0,0,0,0,0,0,0,0,0,0,0,0,41,241,174,0,0,0,0,0,0,0,0,0,0,0,0,0,0,0,0,0,0,0,0,0,0,0,0,0,112,253,159,0,0,0,0,0,0,0,0,0,0,0,0,0,0,0,0,0,0,0,0,0,0,0,0,0,96,111,18,0,0,0,0,0,0,0,0,0,0,0,0,0,0,0,0,0,0,0,0,0,0,0,0,0,0,0,0,0,0,0,0,0,0,0,0,0,0,0,0,0,0,0,0,0,0,0,0,0,0,0,0,0,0,0,0,0,0,0,0,0,0,0,0,0,0,0,0,0,0,0,0,0,0,0,0,0,0,0,0,0,0,0,0,0,0,0,0,0,0,0,0,0,0,0
0,0,0,0,0,0,0,0,0,0,0,0,0,0,0,0,0,0,0,0,0,0,0,0,0,0,0,0,0,0,0,0,0,0,0,0,0,0,0,0,0,0,0,0,0,0,0,0,0,0,0,0,0,0,0,0,0,0,0,0,0,0,0,0,0,0,0,0,0,0,0,0,0,0,0,0,0,0,0,0,0,0,0,0,0,0,0,0,0,0,0,0,0,0,0,0,0,0,0,0,0,0,0,0,0,0,0,0,0,0,0,0,0,0,0,0,0,0,0,0,0,0,0,0,0,0,0,0,0,0,0,0,0,0,0,0,0,0,0,0,0,0,0,0,0,0,0,0,0,0,0,0,0,0,0,0,0,0,64,128,255,255,255,64,0,0,0,0,0,0,0,0,0,0,0,0,0,0,0,0,0,0,191,255,255,128,191,255,255,255,255,255,64,0,0,0,0,0,0,0,0,0,0,0,0,0,0,0,0,191,255,255,255,255,191,0,64,0,128,255,128,0,0,0,0,0,0,0,0,0,0,0,0,0,0,0,128,255,255,191,64,128,128,0,0,0,0,255,255,0,0,0,0,0,0,0,0,0,0,0,0,0,0,128,255,255,255,64,0,0,0,0,0,0,0,255,255,128,0,0,0,0,0,0,0,0,0,0,0,0,64,255,255,255,64,0,0,0,0,0,0,0,0,255,255,128,0,0,0,0,0,0,0,0,0,0,0,64,255,255,255,128,0,0,0,0,0,0,0,0,0,128,255,255,0,0,0,0,0,0,0,0,0,0,0,191,255,255,128,0,0,0,0,0,0,0,0,0,0,255,255,255,0,0,0,0,0,0,0,0,0,0,128,255,255,191,0,0,0,0,0,0,0,0,0,0,0,255,255,128,0,0,0,0,0,0,0,0,0,0,255,255,255,0,0,0,0,0,0,0,0,0,0,0,64,255,255,0,0,0,0,0,0,0,0,0,0,191,255,255,64,0,0,0,0,0,0,0,0,0,0,64,191,255,191,0,0,0,0,0,0,0,0,0,128,255,255,128,0,0,0,0,0,0,0,0,0,0,0,191,255,255,64,0,0,0,0,0,0,0,0,0,128,255,255,64,0,0,0,0,0,0,0,0,0,64,255,255,255,64,0,0,0,0,0,0,0,0,0,0,255,255,255,0,0,0,0,0,0,0,0,0,191,255,255,255,64,0,0,0,0,0,0,0,0,0,0,0,255,255,255,64,0,0,0,0,0,128,191,255,255,255,255,64,0,0,0,0,0,0,0,0,0,0,0,0,191,255,255,255,255,255,191,255,255,255,255,255,191,128,0,0,0,0,0,0,0,0,0,0,0,0,0,0,64,191,255,255,255,255,255,255,255,255,255,128,0,0,0,0,0,0,0,0,0,0,0,0,0,0,0,0,0,0,64,128,191,255,255,128,128,64,0,0,0,0,0,0,0,0,0,0,0,0,0,0,0,0,0,0,0,0,0,0,0,0,0,0,0,0,0,0,0,0,0,0,0,0,0,0,0,0,0,0,0,0,0,0,0,0,0,0,0,0,0,0,0,0,0,0,0,0,0,0,0,0,0,0,0,0,0,0,0,0,0,0,0,0,0,0,0,0,0,0,0,0,0,0,0,0,0,0,0,0,0,0,0,0,0,0,0,0,0,0,0,0,0,0,0,0,0,0,0,0,0,0,0,0,0,0,0,0,0,0,0,0,0,0,0,0,0,0,0,0,0,0,0,0,0,0,0,0,0,0,0,0,0,0,0,0,0,0,0,0,0
8,0,0,0,0,0,0,0,0,0,0,0,0,0,0,0,0,0,0,0,0,0,0,0,0,0,0,0,0,0,0,0,0,0,0,0,0,0,0,0,0,0,0,0,0,0,0,0,0,0,0,0,0,0,0,0,0,0,0,0,0,0,0,0,0,0,0,0,0,0,0,0,0,0,0,0,0,0,0,0,0,0,0,0,0,0,0,0,0,0,0,0,0,0,0,0,0,0,0,0,0,0,0,0,0,0,0,0,0,0,0,0,0,0,0,0,0,0,0,0,0,0,0,0,0,0,0,0,0,0,0,0,0,0,0,0,0,0,0,0,0,0,0,0,0,0,0,0,0,0,125,127,13,2,0,0,0,0,8,13,13,3,0,0,0,0,0,0,0,0,0,0,0,0,0,0,0,40,222,252,252,36,11,25,88,145,211,252,252,135,17,0,0,0,0,0,0,0,0,0,0,0,0,0,18,209,252,252,252,53,127,252,253,252,252,252,252,252,220,22,0,0,0,0,0,0,0,0,0,0,0,0,0,146,252,252,252,220,244,252,253,224,204,236,252,252,252,36,0,0,0,0,0,0,0,0,0,0,0,0,0,49,252,252,252,252,226,134,72,31,0,83,252,252,162,10,0,0,0,0,0,0,0,0,0,0,0,0,0,12,197,252,252,252,143,0,0,0,11,164,252,231,34,0,0,0,0,0,0,0,0,0,0,0,0,0,0,0,34,204,252,252,232,50,0,0,77,252,252,139,0,0,0,0,0,0,0,0,0,0,0,0,0,0,0,0,0,90,252,252,252,235,5,109,239,252,154,9,0,0,0,0,0,0,0,0,0,0,0,0,0,0,0,0,0,73,252,252,252,252,231,252,252,156,7,0,0,0,0,0,0,0,0,0,0,0,0,0,0,0,0,0,0,4,52,235,252,252,253,252,217,4,0,0,0,0,0,0,0,0,0,0,0,0,0,0,0,0,0,0,0,0,0,218,253,253,255,253,102,0,0,0,0,0,0,0,0,0,0,0,0,0,0,0,0,0,0,0,0,0,20,220,252,252,253,252,219,8,0,0,0,0,0,0,0,0,0,0,0,0,0,0,0,0,0,0,0,11,212,252,252,252,253,252,252,84,0,0,0,0,0,0,0,0,0,0,0,0,0,0,0,0,0,0,12,164,252,252,231,227,253,252,252,164,0,0,0,0,0,0,0,0,0,0,0,0,0,0,0,0,0,0,147,252,252,252,115,35,253,252,252,118,0,0,0,0,0,0,0,0,0,0,0,0,0,0,0,0,0,72,235,252,193,76,37,73,253,252,242,60,0,0,0,0,0,0,0,0,0,0,0,0,0,0,0,0,30,237,252,252,116,188,225,252,253,204,87,0,0,0,0,0,0,0,0,0,0,0,0,0,0,0,0,0,83,252,252,252,252,252,252,252,249,67,0,0,0,0,0,0,0,0,0,0,0,0,0,0,0,0,0,0,157,252,252,252,252,252,252,252,22,0,0,0,0,0,0,0,0,0,0,0,0,0,0,0,0,0,0,0,100,252,252,252,154,131,80,11,0,0,0,0,0,0,0,0,0,0,0,0,0,0,0,0,0,0,0,0,0,0,0,0,0,0,0,0,0,0,0,0,0,0,0,0,0,0,0,0,0,0,0,0,0,0,0,0,0,0,0,0,0,0,0,0,0,0,0,0,0,0,0,0,0,0,0,0,0,0,0,0,0,0,0,0,0,0,0,0,0,0,0,0,0,0,0,0,0,0,0,0,0,0,0,0,0
8,0,0,0,0,0,0,0,0,0,0,0,0,0,0,0,0,0,0,0,0,0,0,0,0,0,0,0,0,0,0,0,0,0,0,0,0,0,0,0,0,0,0,0,0,0,0,0,0,0,0,0,0,0,0,0,0,0,0,0,0,0,0,0,0,0,0,0,0,0,0,0,0,0,0,0,0,0,0,0,0,0,0,0,0,0,0,0,0,0,0,0,0,0,0,0,0,0,0,0,0,0,0,0,0,0,0,0,0,0,0,0,0,0,0,0,0,0,0,0,0,0,0,0,0,0,0,0,0,0,0,0,0,0,0,0,0,0,0,0,0,0,0,0,0,0,0,0,0,0,0,0,0,15,21,116,144,159,177,25,0,0,0,0,0,0,0,0,0,0,0,0,0,0,0,0,0,0,64,139,177,210,224,253,253,254,253,44,0,0,0,0,0,0,0,0,0,0,0,0,0,0,0,0,0,127,252,253,253,253,253,253,253,254,184,70,0,0,0,0,0,0,0,0,0,0,0,0,0,0,0,0,0,210,253,253,236,231,163,121,121,107,4,53,0,15,23,128,95,0,0,0,0,0,0,0,0,0,0,0,0,186,253,144,19,0,0,0,0,0,0,22,161,223,253,251,78,0,0,0,0,0,0,0,0,0,0,0,0,65,250,194,19,0,0,0,0,12,89,202,253,234,165,62,0,0,0,0,0,0,0,0,0,0,0,0,0,0,239,253,198,117,0,9,60,236,253,253,238,104,0,0,0,0,0,0,0,0,0,0,0,0,0,0,0,0,62,219,253,249,155,228,253,254,253,253,54,0,0,0,0,0,0,0,0,0,0,0,0,0,0,0,0,0,0,15,131,253,253,253,253,254,253,145,3,0,0,0,0,0,0,0,0,0,0,0,0,0,0,0,0,0,0,73,209,253,253,253,253,225,110,25,0,0,0,0,0,0,0,0,0,0,0,0,0,0,0,0,0,0,42,216,254,254,254,254,240,241,58,0,0,0,0,0,0,0,0,0,0,0,0,0,0,0,0,0,0,0,243,253,253,250,187,106,73,254,233,31,0,0,0,0,0,0,0,0,0,0,0,0,0,0,0,0,0,0,243,253,253,242,0,0,19,72,253,174,4,0,0,0,0,0,0,0,0,0,0,0,0,0,0,0,0,0,137,253,253,131,44,0,0,2,74,253,223,0,0,0,0,0,0,0,0,0,0,0,0,0,0,0,0,0,181,253,253,22,0,0,0,0,91,253,231,0,0,0,0,0,0,0,0,0,0,0,0,0,0,0,0,0,133,253,253,22,0,0,0,104,237,253,231,0,0,0,0,0,0,0,0,0,0,0,0,0,0,0,0,0,80,253,253,234,165,122,218,254,253,253,226,0,0,0,0,0,0,0,0,0,0,0,0,0,0,0,0,0,9,180,253,253,253,253,253,255,253,236,52,0,0,0,0,0,0,0,0,0,0,0,0,0,0,0,0,0,0,39,203,253,253,253,253,254,233,108,0,0,0,0,0,0,0,0,0,0,0,0,0,0,0,0,0,0,0,0,12,33,33,148,253,192,58,0,0,0,0,0,0,0,0,0,0,0,0,0,0,0,0,0,0,0,0,0,0,0,0,0,0,0,0,0,0,0,0,0,0,0,0,0,0,0,0,0,0,0,0,0,0,0,0,0,0,0,0,0,0,0,0,0,0,0,0,0,0,0,0,0,0,0,0,0,0,0,0,0,0,0,0,0,0,0,0,0,0,0,0,0,0,0,0,0,0,0,0,0,0
5,0,0,0,0,0,0,0,0,0,0,0,0,0,0,0,0,0,0,0,0,0,0,0,0,0,0,0,0,0,0,0,0,0,0,0,0,0,0,0,0,0,0,0,0,0,0,0,0,0,0,0,0,0,0,0,0,0,0,0,0,0,0,0,0,0,0,0,0,0,0,0,0,0,0,0,0,0,0,0,0,0,0,0,0,0,0,0,0,0,0,0,0,0,0,0,0,0,0,0,0,0,0,0,0,0,0,0,0,0,0,0,0,0,0,0,0,0,0,0,0,0,0,0,114,255,253,253,253,192,141,53,29,26,0,0,0,0,0,0,0,0,0,0,0,0,0,0,0,0,0,0,113,253,252,252,252,253,252,252,252,244,56,0,0,0,0,0,0,0,0,0,0,0,0,0,0,0,0,0,113,253,252,252,252,253,252,252,252,253,190,19,0,0,0,0,0,0,0,0,0,0,0,0,0,0,0,0,213,253,252,252,252,253,252,252,252,253,252,56,0,0,0,0,0,0,0,0,0,0,0,0,0,0,0,98,253,254,253,206,113,13,113,113,113,114,88,0,0,0,0,0,0,0,0,0,0,0,0,0,0,0,13,209,252,253,252,93,0,0,0,0,0,0,0,0,0,0,0,0,0,0,0,0,0,0,0,0,0,0,144,252,252,253,170,13,0,0,0,0,0,0,0,0,0,0,0,0,0,0,0,0,0,0,0,0,0,0,169,252,252,253,133,0,0,0,0,0,0,0,0,0,0,0,0,0,0,0,0,0,0,0,0,0,0,0,51,247,253,254,253,253,153,13,0,0,0,0,0,0,0,0,0,0,0,0,0,0,0,0,0,0,0,0,0,197,252,253,252,252,252,194,44,0,0,0,0,0,0,0,0,0,0,0,0,0,0,0,0,0,0,0,0,81,205,253,252,252,252,253,240,44,0,0,0,0,0,0,0,0,0,0,0,0,0,0,0,0,0,0,0,0,13,28,28,28,178,253,252,193,13,0,0,0,0,0,0,0,0,0,0,0,0,0,0,0,0,0,0,0,0,0,0,0,0,29,253,253,91,0,0,0,0,0,0,0,0,0,0,0,0,0,114,63,0,0,0,0,0,0,0,0,0,29,252,252,139,0,0,0,0,0,0,0,0,0,0,0,0,0,82,234,147,38,0,0,0,0,0,0,0,66,252,252,228,0,0,0,0,0,0,0,0,0,0,0,0,0,7,203,252,238,225,137,113,114,113,113,113,241,252,252,151,0,0,0,0,0,0,0,0,0,0,0,0,0,0,89,226,254,253,253,253,254,253,253,253,254,253,253,140,0,0,0,0,0,0,0,0,0,0,0,0,0,0,0,88,253,252,252,252,253,252,252,252,253,252,233,59,0,0,0,0,0,0,0,0,0,0,0,0,0,0,0,0,69,187,252,252,253,252,252,252,253,233,112,0,0,0,0,0,0,0,0,0,0,0,0,0,0,0,0,0,0,7,28,78,140,139,177,252,190,59,0,0,0,0,0,0,0,0,0,0,0,0,0,0,0,0,0,0,0,0,0,0,0,0,0,0,0,0,0,0,0,0,0,0,0,0,0,0,0,0,0,0,0,0,0,0,0,0,0,0,0,0,0,0,0,0,0,0,0,0,0,0,0,0,0,0,0,0,0,0,0,0,0,0,0,0,0,0,0,0,0,0,0,0,0,0,0,0,0,0,0,0,0,0,0,0,0,0,0,0,0,0,0,0,0,0,0,0,0,0,0,0,0,0,0,0,0,0,0,0,0,0
9,0,0,0,0,0,0,0,0,0,0,0,0,0,0,0,0,0,0,0,0,0,0,0,0,0,0,0,0,0,0,0,0,0,0,0,0,0,0,0,0,0,0,0,0,0,0,0,0,0,0,0,0,0,0,0,0,0,0,0,0,0,0,0,0,0,0,0,0,0,0,0,0,0,0,0,0,0,0,0,0,0,0,0,0,0,0,0,0,0,0,0,0,0,0,0,0,0,0,0,0,0,0,0,0,0,0,0,0,0,0,0,0,0,0,0,0,0,0,0,0,0,0,0,0,0,0,0,0,0,0,0,0,0,0,0,0,0,0,0,0,0,0,0,0,0,0,0,0,0,0,1,7,92,130,130,225,255,255,151,85,1,0,0,0,0,0,0,0,0,0,0,0,0,0,0,0,0,0,44,253,253,253,253,253,253,253,253,253,150,25,1,0,0,0,0,0,0,0,0,0,0,0,0,0,0,88,213,253,253,253,253,253,253,253,253,253,253,253,88,0,0,0,0,0,0,0,0,0,0,0,0,0,15,213,253,253,253,253,247,228,228,228,249,253,253,253,141,0,0,0,0,0,0,0,0,0,0,0,0,3,114,253,253,253,232,134,75,0,0,0,82,231,253,253,127,0,0,0,0,0,0,0,0,0,0,0,0,19,253,253,253,253,80,0,0,0,0,0,0,138,253,253,168,8,0,0,0,0,0,0,0,0,0,0,0,19,253,253,253,224,27,0,0,0,0,0,0,94,253,253,253,12,0,0,0,0,0,0,0,0,0,0,0,19,253,253,253,210,0,0,0,0,0,0,0,94,253,253,231,10,0,0,0,0,0,0,0,0,0,0,0,47,253,253,253,210,0,0,0,0,0,0,20,189,253,253,115,0,0,0,0,0,0,0,0,0,0,0,0,48,228,253,253,242,186,159,63,15,0,0,118,253,253,253,109,0,0,0,0,0,0,0,0,0,0,0,0,0,49,227,253,253,253,253,253,207,192,192,243,253,253,253,141,0,0,0,0,0,0,0,0,0,0,0,0,0,0,110,226,253,253,253,253,253,253,253,253,253,253,253,141,0,0,0,0,0,0,0,0,0,0,0,0,0,0,0,50,226,253,253,253,253,253,253,253,253,253,180,36,0,0,0,0,0,0,0,0,0,0,0,0,0,0,0,0,28,43,130,230,253,253,253,253,253,176,16,0,0,0,0,0,0,0,0,0,0,0,0,0,0,0,0,0,0,19,121,244,253,253,253,253,173,5,0,0,0,0,0,0,0,0,0,0,0,0,0,0,0,0,13,100,121,229,253,253,253,253,253,170,37,0,0,0,0,0,0,0,0,0,0,0,0,0,0,0,60,118,233,253,253,253,253,253,253,222,109,4,0,0,0,0,0,0,0,0,0,0,0,0,0,0,0,6,191,253,253,253,253,253,253,253,168,101,0,0,0,0,0,0,0,0,0,0,0,0,0,0,0,0,0,13,253,253,253,253,253,253,169,45,3,0,0,0,0,0,0,0,0,0,0,0,0,0,0,0,0,0,0,1,85,253,253,235,109,5,2,0,0,0,0,0,0,0,0,0,0,0,0,0,0,0,0,0,0,0,0,0,0,0,0,0,0,0,0,0,0,0,0,0,0,0,0,0,0,0,0,0,0,0,0,0,0,0,0,0,0,0,0,0,0,0,0,0,0,0,0,0,0,0,0,0,0,0,0,0,0,0,0,0,0,0,0,0,0,0,0,0,0,0,0,0,0,0,0,0,0,0,0,0,0,0,0,0,0
2,0,0,0,0,0,0,0,0,0,0,0,0,0,0,0,0,0,0,0,0,0,0,0,0,0,0,0,0,0,0,0,0,0,0,0,0,0,0,0,0,0,0,0,0,0,0,0,0,0,0,0,0,0,0,0,0,0,0,0,0,0,0,0,0,0,0,0,0,0,0,0,0,0,0,0,0,0,0,0,0,0,0,0,0,0,0,0,0,0,0,0,0,0,0,0,0,0,0,0,0,0,0,0,0,0,0,0,0,0,0,0,0,0,0,0,0,0,0,0,0,0,0,0,0,0,0,0,0,0,0,0,0,0,0,0,0,0,0,0,0,0,0,0,0,0,0,0,0,0,0,0,0,0,0,0,0,0,0,0,0,0,0,0,0,0,0,0,0,0,0,0,0,0,0,0,0,0,0,0,0,0,0,0,0,0,0,0,0,0,0,0,0,0,0,0,0,0,0,0,0,0,0,34,81,81,81,81,26,0,0,0,0,0,0,0,0,0,0,0,0,0,0,0,0,0,0,0,0,0,32,215,252,252,252,252,216,200,123,32,0,0,0,0,0,0,0,0,0,0,0,0,0,0,0,0,0,0,219,252,252,252,252,252,252,252,252,217,29,0,0,0,0,0,0,0,0,0,0,0,0,0,0,0,0,0,232,235,212,212,244,252,252,252,252,252,216,30,0,0,0,0,0,0,0,0,0,0,0,0,0,0,0,0,44,54,0,0,74,93,93,176,227,252,253,156,3,0,0,0,0,0,0,0,0,0,0,0,0,0,0,0,0,0,0,0,0,0,0,0,6,176,253,252,26,0,0,0,0,0,0,0,0,0,0,0,0,0,0,0,0,0,0,0,0,0,0,0,0,0,253,252,26,0,0,0,0,0,0,0,0,0,0,0,0,0,0,0,0,0,0,0,0,0,0,77,121,190,255,253,26,0,0,0,0,0,0,0,0,0,0,0,0,0,0,0,0,0,0,0,0,108,240,247,252,252,253,252,241,197,79,0,0,0,0,0,0,0,0,0,0,0,0,0,0,0,0,0,61,245,252,252,252,252,253,252,252,252,245,226,135,35,0,0,0,0,0,0,0,0,0,0,0,0,0,0,67,252,252,252,252,252,253,252,252,252,252,252,252,227,213,101,0,0,0,0,0,0,0,0,0,0,0,0,50,235,252,252,213,115,53,53,53,95,185,235,252,252,248,158,0,0,0,0,0,0,0,0,0,0,0,0,0,77,108,66,28,0,0,0,0,0,0,49,66,66,62,0,0,0,0,0,0,0,0,0,0,0,0,0,0,0,0,0,0,0,0,0,0,0,0,0,0,0,0,0,0,0,0,0,0,0,0,0,0,0,0,0,0,0,0,0,0,0,0,0,0,0,0,0,0,0,0,0,0,0,0,0,0,0,0,0,0,0,0,0,0,0,0,0,0,0,0,0,0,0,0,0,0,0,0,0,0,0,0,0,0,0,0,0,0,0,0,0,0,0,0,0,0,0,0,0,0,0,0,0,0,0,0,0,0,0,0,0,0,0,0,0,0,0,0,0,0,0,0,0,0,0,0,0,0,0,0,0,0,0,0,0,0,0,0,0,0,0,0,0,0,0,0,0,0,0,0,0,0,0,0,0,0,0,0,0,0,0,0,0,0,0,0,0,0,0,0,0,0,0,0,0,0,0,0,0,0,0,0,0,0,0,0,0,0,0,0,0,0,0,0,0,0,0,0,0,0,0,0,0,0,0,0,0,0,0,0,0,0,0,0,0,0,0,0,0,0,0,0
6,0,0,0,0,0,0,0,0,0,0,0,0,0,0,0,0,0,0,0,0,0,0,0,0,0,0,0,0,0,0,0,0,0,0,0,0,0,0,0,0,0,0,0,0,0,0,0,0,0,0,0,0,0,0,0,0,0,0,0,0,0,0,0,0,0,0,0,0,0,0,0,0,0,0,0,0,0,0,0,0,0,0,0,0,0,0,0,0,0,0,0,0,0,0,0,0,0,0,0,0,85,254,255,145,0,0,0,0,0,0,0,0,0,0,0,0,0,0,0,0,0,0,0,0,0,6,127,200,237,253,253,209,0,0,0,0,0,0,0,0,0,0,0,0,0,0,0,0,0,0,0,0,0,121,253,253,253,253,253,84,0,0,0,0,0,0,0,0,0,0,0,0,0,0,0,0,0,0,0,51,238,251,253,253,188,160,25,3,0,0,0,0,0,0,0,0,0,0,0,0,0,0,0,0,23,189,193,226,253,253,253,241,65,0,0,0,0,0,0,0,0,0,0,0,0,0,0,0,0,0,0,0,146,253,253,253,253,253,253,176,0,0,0,0,0,0,0,0,0,0,0,0,0,0,0,0,0,0,0,0,146,253,253,253,253,253,209,23,0,0,0,0,0,0,0,0,0,0,0,0,0,0,0,0,0,0,0,6,159,253,253,253,253,118,33,0,0,0,0,0,0,0,0,0,0,0,0,0,0,0,0,0,0,0,0,47,253,253,253,253,253,164,64,0,0,0,0,0,0,0,0,0,0,0,0,0,0,0,0,0,0,0,0,33,220,253,253,253,253,253,242,231,231,231,189,26,0,0,0,0,0,0,0,0,0,0,0,0,0,0,10,52,221,253,253,253,253,253,253,253,253,253,253,202,177,177,79,0,0,0,0,0,0,0,0,0,0,0,101,253,253,253,253,253,178,253,253,140,141,253,253,253,253,253,245,0,0,0,0,0,0,0,0,0,0,0,101,253,253,253,253,215,20,30,30,3,3,30,30,179,253,253,252,224,83,0,0,0,0,0,0,0,0,0,34,218,253,253,253,115,0,0,0,0,0,0,0,169,253,253,253,180,66,0,0,0,0,0,0,0,0,0,0,200,253,253,253,115,0,0,0,0,0,0,0,169,253,253,253,145,0,0,0,0,0,0,0,0,0,0,0,69,253,253,253,233,12,0,0,0,0,0,98,241,253,253,246,22,0,0,0,0,0,0,0,0,0,0,0,17,185,253,253,253,22,8,8,8,8,84,242,253,253,253,146,0,0,0,0,0,0,0,0,0,0,0,0,0,85,250,253,253,253,253,253,253,253,253,253,253,253,227,53,0,0,0,0,0,0,0,0,0,0,0,0,0,0,44,162,229,253,253,253,253,253,253,220,217,199,57,0,0,0,0,0,0,0,0,0,0,0,0,0,0,0,0,0,55,99,118,173,99,99,99,39,33,0,0,0,0,0,0,0,0,0,0,0,0,0,0,0,0,0,0,0,0,0,0,0,0,0,0,0,0,0,0,0,0,0,0,0,0,0,0,0,0,0,0,0,0,0,0,0,0,0,0,0,0,0,0,0,0,0,0,0,0,0,0,0,0,0,0,0,0,0,0,0,0,0,0,0,0,0,0,0,0,0,0,0,0,0,0,0,0,0,0,0,0,0,0,0,0,0,0,0,0,0,0,0,0,0,0,0,0,0,0,0,0,0,0,0,0,0,0,0,0,0,0,0,0,0,0,0,0,0,0,0,0,0,0,0,0,0,0,0,0,0,0,0,0,0,0,0,0
